<?xml version="1.0" encoding="utf-8" ?>
<dwsync>
<file name="BlankoFull.html" server="openlaw.id/public_html/ejampidsus/" local="131425716312944842" remote="131425624800000000" />
<file name="LaporanHasilEkspose.html" server="openlaw.id/public_html/ejampidsus/" local="131425729301724747" remote="131425624800000000" />
<file name="p1.html" server="openlaw.id/public_html/ejampidsus/" local="131425721330957102" remote="131425624800000000" />
<file name="p10.html" server="openlaw.id/public_html/ejampidsus/" local="131425733663684041" remote="131425624800000000" />
<file name="p11.html" server="openlaw.id/public_html/ejampidsus/" local="131425733976155037" remote="131425624800000000" />
<file name="p12.html" server="openlaw.id/public_html/ejampidsus/" local="131425734442417921" remote="131425624800000000" />
<file name="p13.html" server="openlaw.id/public_html/ejampidsus/" local="131425735795577661" remote="131425624800000000" />
<file name="p14.html" server="openlaw.id/public_html/ejampidsus/" local="131425736266554175" remote="131425624800000000" />
<file name="p15.html" server="openlaw.id/public_html/ejampidsus/" local="131425736605018862" remote="131425624800000000" />
<file name="p16.html" server="openlaw.id/public_html/ejampidsus/" local="131425737186926582" remote="131425624800000000" />
<file name="p17.html" server="openlaw.id/public_html/ejampidsus/" local="131425737559177449" remote="131425624800000000" />
<file name="p18.html" server="openlaw.id/public_html/ejampidsus/" local="131425738408980959" remote="131425624800000000" />
<file name="p19.html" server="openlaw.id/public_html/ejampidsus/" local="131425739092807423" remote="131425624800000000" />
<file name="p2.html" server="openlaw.id/public_html/ejampidsus/" local="131425721736203235" remote="131425624800000000" />
<file name="p20a.html" server="openlaw.id/public_html/ejampidsus/" local="131425739425207939" remote="131425624800000000" />
<file name="p20b.html" server="openlaw.id/public_html/ejampidsus/" local="131425740309088045" remote="131425624800000000" />
<file name="p20c.html" server="openlaw.id/public_html/ejampidsus/" local="131425740707142128" remote="131425624800000000" />
<file name="p21.html" server="openlaw.id/public_html/ejampidsus/" local="131425741117240632" remote="131425624800000000" />
<file name="p22.html" server="openlaw.id/public_html/ejampidsus/" local="131425742075538079" remote="131425624800000000" />
<file name="p23.html" server="openlaw.id/public_html/ejampidsus/" local="131425743416188079" remote="131425624800000000" />
<file name="p3a.html" server="openlaw.id/public_html/ejampidsus/" local="131425722046952845" remote="131425625400000000" />
<file name="p3b.html" server="openlaw.id/public_html/ejampidsus/" local="131425722550596987" remote="131425625400000000" />
<file name="p4.html" server="openlaw.id/public_html/ejampidsus/" local="131425722996054383" remote="131425625400000000" />
<file name="p5a.html" server="openlaw.id/public_html/ejampidsus/" local="131425725322368230" remote="131425625400000000" />
<file name="p5b.html" server="openlaw.id/public_html/ejampidsus/" local="131425725706418540" remote="131425625400000000" />
<file name="p5c.html" server="openlaw.id/public_html/ejampidsus/" local="131425726035898194" remote="131425625400000000" />
<file name="p8.html" server="openlaw.id/public_html/ejampidsus/" local="131425731792993028" remote="131425625400000000" />
<file name="p9.html" server="openlaw.id/public_html/ejampidsus/" local="131425733001075084" remote="131425625400000000" />
<file name="pidsus.htm" server="openlaw.id/public_html/ejampidsus/" local="131425744004545834" remote="131425625400000000" />
<file name="sprint_penelaah.html" server="openlaw.id/public_html/ejampidsus/" local="131425728445245451" remote="131425625400000000" />
</dwsync>