<?xml version="1.0" encoding="utf-8" ?>
<dwsync>
<file name="ChartsController.php" server="openlaw.id/public_html/ejampidsus/" local="131421072290495120" remote="131421596400000000" />
<file name="Controller.php" server="openlaw.id/public_html/ejampidsus/" local="131420764441523932" remote="131421596400000000" />
<file name="HomeController.php" server="openlaw.id/public_html/ejampidsus/" local="131426859408906209" remote="131426713800000000" />
<file name="PagesController.php" server="openlaw.id/public_html/ejampidsus/" local="131420992154711751" remote="131421597000000000" />
<file name="AdminController.php" server="openlaw.id/public_html/startup/" local="131428885076436826" remote="131430131400000000" />
<file name="ChartsController.php" server="openlaw.id/public_html/startup/" local="131421072290495120" remote="131430131400000000" />
<file name="Controller.php" server="openlaw.id/public_html/startup/" local="131420764441523932" remote="131430131400000000" />
<file name="HomeController.php" server="openlaw.id/public_html/startup/" local="131426859408906209" remote="131430131400000000" />
<file name="PagesController.php" server="openlaw.id/public_html/startup/" local="131420992154711751" remote="131430131400000000" />
</dwsync>