<?xml version="1.0" encoding="utf-8" ?>
<dwsync>
<file name=".env" server="openlaw.id/public_html/startup/" local="131430338202620309" remote="131430098400000000" />
<file name=".gitattributes" server="openlaw.id/public_html/startup/" local="131420764440986359" remote="131430188400000000" />
<file name=".gitignore" server="openlaw.id/public_html/startup/" local="131420764440723563" remote="131430188400000000" />
<file name="artisan" server="openlaw.id/public_html/startup/" local="131420764440743565" remote="131430188400000000" />
<file name="composer.lock" server="openlaw.id/public_html/startup/" local="131420769436395148" remote="131430188400000000" />
<file name="package.json" server="openlaw.id/public_html/startup/" local="131420764440996383" remote="131430188400000000" />
<file name="phpunit.xml" server="openlaw.id/public_html/startup/" local="131420764440733575" remote="131430188400000000" />
<file name="server.php" server="openlaw.id/public_html/startup/" local="131420764440753577" remote="131430188400000000" />
<file name="webpack.mix.js" server="openlaw.id/public_html/startup/" local="131420764441730497" remote="131430188400000000" />
<file name="yarn.lock" server="openlaw.id/public_html/startup/" local="131420764441016396" remote="131430188400000000" />
</dwsync>