<?xml version="1.0" encoding="utf-8" ?>
<dwsync>
<file name="ForgotPasswordController.php" server="openlaw.id/public_html/ejampidsus/" local="131420764441563953" remote="131421596400000000" />
<file name="LoginController.php" server="openlaw.id/public_html/ejampidsus/" local="131420764441543939" remote="131421596400000000" />
<file name="RegisterController.php" server="openlaw.id/public_html/ejampidsus/" local="131420764441553946" remote="131421596400000000" />
<file name="ResetPasswordController.php" server="openlaw.id/public_html/ejampidsus/" local="131420764441583972" remote="131421596400000000" />
<file name="AdminLoginController.php" server="openlaw.id/public_html/startup/" local="131429383208313510" remote="131430131400000000" />
<file name="ForgotPasswordController.php" server="openlaw.id/public_html/startup/" local="131420764441563953" remote="131430131400000000" />
<file name="LoginController.php" server="openlaw.id/public_html/startup/" local="131420764441543939" remote="131430131400000000" />
<file name="RegisterController.php" server="openlaw.id/public_html/startup/" local="131420764441553946" remote="131430131400000000" />
<file name="ResetPasswordController.php" server="openlaw.id/public_html/startup/" local="131420764441583972" remote="131430131400000000" />
</dwsync>