<?xml version="1.0" encoding="utf-8" ?>
<dwsync>
<file name="adminlte.php" server="openlaw.id/public_html/ejampidsus/" local="131426119200000000" remote="131426119200000000" />
<file name="adminlte.php" server="openlaw.id/public_html/startup/" local="131428927576634798" remote="131430146400000000" />
<file name="auth.php" server="openlaw.id/public_html/startup/" local="131428861292022421" remote="131430099600000000" />
<file name="broadcasting.php" server="openlaw.id/public_html/startup/" local="131420764441317144" remote="131430099600000000" />
<file name="cache.php" server="openlaw.id/public_html/startup/" local="131420764441307137" remote="131430099600000000" />
<file name="database.php" server="openlaw.id/public_html/startup/" local="131420764441297182" remote="131430099600000000" />
<file name="filesystems.php" server="openlaw.id/public_html/startup/" local="131420764441346794" remote="131430099600000000" />
<file name="mail.php" server="openlaw.id/public_html/startup/" local="131420764441436808" remote="131430099600000000" />
<file name="queue.php" server="openlaw.id/public_html/startup/" local="131420764441356738" remote="131430099600000000" />
<file name="services.php" server="openlaw.id/public_html/startup/" local="131420764441356738" remote="131430099600000000" />
<file name="session.php" server="openlaw.id/public_html/startup/" local="131420764441317144" remote="131430099600000000" />
<file name="view.php" server="openlaw.id/public_html/startup/" local="131420764441327151" remote="131430099600000000" />
</dwsync>