<?xml version="1.0" encoding="utf-8" ?>
<dwsync>
<file name="web.php" server="openlaw.id/public_html/ejampidsus/" local="131426859442614143" remote="131426713800000000" />
<file name="api.php" server="openlaw.id/public_html/ejampidsus/" local="131420764440956351" remote="131424947400000000" />
<file name="channels.php" server="openlaw.id/public_html/ejampidsus/" local="131420764440966352" remote="131424947400000000" />
<file name="console.php" server="openlaw.id/public_html/ejampidsus/" local="131420764440966352" remote="131424947400000000" />
<file name="api.php" server="openlaw.id/public_html/startup/" local="131420764440956351" remote="131430099600000000" />
<file name="channels.php" server="openlaw.id/public_html/startup/" local="131420764440966352" remote="131430099600000000" />
<file name="console.php" server="openlaw.id/public_html/startup/" local="131420764440966352" remote="131430099600000000" />
<file name="web.php" server="openlaw.id/public_html/startup/" local="131429386263955588" remote="131430099600000000" />
</dwsync>